ID,Category,Function,Description,In Scope?,Owner,Stakeholders,Auditor,NIST 800-53 Control Ref,Test Procedures,Score,Target Score,Q1 Actual Score,Q1 Target Score,Q1 Observations,Q1 Observation Date,Q1 Testing Status,Q1 Examine,Q1 Interview,Q1 Test,Q2 Actual Score,Q2 Target Score,Q2 Observations,Q2 Observation Date,Q2 Testing Status,Q2 Examine,Q2 Interview,Q2 Test,Q3 Actual Score,Q3 Target Score,Q3 Observations,Q3 Observation Date,Q3 Testing Status,Q3 Examine,Q3 Interview,Q3 Test,Q4 Actual Score,Q4 Target Score,Q4 Observations,Q4 Observation Date,Q4 Testing Status,Q4 Examine,Q4 Interview,Q4 Test,Remediation Owner,Remediation Due Date,Minimum Target,Action Plan,Artifact Name
DE.AE-02,Adverse Event Analysis (categories/Adverse%20Event%20Analysis%205888a7f41d04d310c9d55775cbbcbb42.csv),DE (functions/DE%206a7a33f74f05512596513064ee131420.csv),Potentially adverse events are analyzed to better understand associated activities,Yes,nadia.khan <nadia.khan@almasecurity.com>,jane <jane@almasecurity.com>; John Doe <john@doe.com>,steve <steve@almasecurity.com>,"AU-06,CA-07,IR-04,SI-04",,5,5,2.5,5,CloudTrail and GuardDuty provide SIEM-like functionality. TTD at 9 hours. Malicious activity detection rules tuned based on threat intelligence.,26-Jan,Complete,No,Yes,Yes,4,5,SIEM monitoring expanded with additional use cases. Log analysis frequency increased. Incident Response Enhancement project addressing 24/7 monitoring gap.,21-Apr,Complete,No,Yes,No,5,5,,17-Jun,Submitted,No,Yes,No,5,5,,,Not Started,No,No,No,nadia.khan <nadia.khan@almasecurity.com>,2026-08-31,5,Complete Incident Response Enhancement project deliverables for 24/7 monitoring. Add additional SIEM use cases for non-AWS systems. Implement log analysis automation to reduce manual review burden.,
DE.AE-03,Adverse Event Analysis (categories/Adverse%20Event%20Analysis%205888a7f41d04d310c9d55775cbbcbb42.csv),DE (functions/DE%206a7a33f74f05512596513064ee131420.csv),Information is correlated from multiple sources,Yes,nadia.khan <nadia.khan@almasecurity.com>,jane <jane@almasecurity.com>,steve <steve@almasecurity.com>,"AU-06,CA-07,IR-04,IR-05,IR-08,PM-16,SI-04",,3,5,2,5,CloudTrail and GuardDuty provide event correlation. Multiple AWS sources integrated. SIEM-style correlation limited to AWS-native tools.,05-Feb,Complete,No,Yes,Yes,3,5,Event correlation improving with additional source integration. GuardDuty findings correlated across accounts. Script updates planned for enhanced correlation.,01-May,Complete,Yes,Yes,Yes,3,5,,,Not Started,No,No,No,3,5,,,Not Started,No,No,No,nadia.khan <nadia.khan@almasecurity.com>,2026-10-31,5,Complete correlation script updates for enhanced cross-source analysis. Integrate additional log sources beyond AWS into correlation engine. Deploy centralized SIEM dashboard for multi-source visibility.,
DE.AE-04,Adverse Event Analysis (categories/Adverse%20Event%20Analysis%205888a7f41d04d310c9d55775cbbcbb42.csv),DE (functions/DE%206a7a33f74f05512596513064ee131420.csv),The estimated impact and scope of adverse events are understood,No,,,,"PM-09,PM-11,PM-18,PM-28,PM-30",,0,0,0,0,,,Not Started,No,No,No,0,0,,,Not Started,No,No,No,0,0,,,Not Started,No,No,No,0,0,,,Not Started,No,No,No,,,0,,
DE.AE-06,Adverse Event Analysis (categories/Adverse%20Event%20Analysis%205888a7f41d04d310c9d55775cbbcbb42.csv),DE (functions/DE%206a7a33f74f05512596513064ee131420.csv),Information on adverse events is provided to authorized staff and tools,Yes,nadia.khan <nadia.khan@almasecurity.com>,jane <jane@almasecurity.com>,steve <steve@almasecurity.com>,"IR-04,PM-15,PM-16,RA-04,RA-10","1. Inquiry: CISO, SOC Manager, 2. Inspect SOC procedures, 3. Observe SOC handoff meeting",6,5,2,5,GuardDuty alerts configured and routed to security team. Alert prioritization matrix implemented. Business hours coverage with on-call rotation.,27-Jan,Complete,Yes,Yes,Yes,4,5,Alert routing enhanced with severity-based escalation. SOC handoff procedures documented. Progress toward 24/7 coverage with planned staffing increase.,22-Apr,Complete,Yes,Yes,No,6,5,,18-Jun,Submitted,No,Yes,No,6,5,,,Not Started,No,No,No,nadia.khan <nadia.khan@almasecurity.com>,2026-10-31,5,Hire additional SOC staff per STS1 strategy to enable 24/7 coverage. Complete SOC handoff procedure documentation. Implement automated alert escalation for critical severity findings.,
DE.AE-07,Adverse Event Analysis (categories/Adverse%20Event%20Analysis%205888a7f41d04d310c9d55775cbbcbb42.csv),DE (functions/DE%206a7a33f74f05512596513064ee131420.csv),Cyber threat intelligence and other contextual information are integrated into the analysis,No,,,,"PM-16,RA-03,RA-10",,0,0,0,0,,,Not Started,No,No,No,0,0,,,Not Started,No,No,No,0,0,,,Not Started,No,No,No,0,0,,,Not Started,No,No,No,,,0,,
DE.AE-08,Adverse Event Analysis (categories/Adverse%20Event%20Analysis%205888a7f41d04d310c9d55775cbbcbb42.csv),DE (functions/DE%206a7a33f74f05512596513064ee131420.csv),Incidents are declared when adverse events meet the defined incident criteria,Yes,gerry <gerry@almasecurity.com>,jane <jane@almasecurity.com>; john <john@almasecurity.com>,steve <steve@almasecurity.com>,"IR-04,IR-08","1. Inquiry: CISO, SOC Manager, 2. Inspect incident criteria, 3. Inspect sample of incident tickets",6,5,2.5,5,Incident criteria documented and approved. Declaration thresholds defined by severity level. SOC Manager authorized to declare incidents.,13-Feb,Complete,Yes,Yes,No,6,5,Criteria consistently applied across all incident types. Sample tickets demonstrate proper declaration process. Continuous improvement through lessons learned.,09-May,Complete,Yes,Yes,Yes,6,5,,,Not Started,No,No,No,6,5,,,Not Started,No,No,No,,,5,,SOC-Ticket-1001
DE.CM-01,Continuous Monitoring (categories/Continuous%20Monitoring%2049cc6558ba5ec39fc9dba72f0c4795b6.csv),DE (functions/DE%206a7a33f74f05512596513064ee131420.csv),Networks and network services are monitored to find potentially adverse events,Yes,tigan.wang <tigan.wang@almasecurity.com>,jane <jane@almasecurity.com>; john <john@almasecurity.com>,steve <steve@almasecurity.com>,"AC-02,AU-12,CA-07,CM-03,SC-05,SC-07,SI-04","1. Inquiry: CISO, Network Ops, 2. Inspect network monitoring policy, 3. Observe SOC dashboards",4,5,2,5,Network monitoring via CloudTrail and VPC Flow Logs. DNS monitoring configured. External perimeter visibility limited pending ASM deployment.,28-Jan,Complete,No,Yes,Yes,4,5,ASM vendor selected (addressing R2). DNS/BGP monitoring operational. Network service monitoring dashboards deployed. Coverage expanding per implementation plan.,23-Apr,Complete,Yes,Yes,Yes,4,5,,19-Jun,Submitted,No,Yes,No,4,5,,,Not Started,No,No,No,tigan.wang <tigan.wang@almasecurity.com>,2026-08-31,5,Complete ASM solution deployment and integration. Expand DNS/BGP monitoring coverage to all network segments. Deploy network service monitoring dashboards to SOC. Address R2 risk register item.,SOC-Ticket-1004
DE.CM-02,Continuous Monitoring (categories/Continuous%20Monitoring%2049cc6558ba5ec39fc9dba72f0c4795b6.csv),DE (functions/DE%206a7a33f74f05512596513064ee131420.csv),The physical environment is monitored to find potentially adverse events,No,,,,"CA-07,PE-03,PE-06,PE-20",,0,0,0,0,,,Not Started,No,No,No,0,0,,,Not Started,No,No,No,0,0,,,Not Started,No,No,No,0,0,,,Not Started,No,No,No,,,0,,
DE.CM-03,Continuous Monitoring (categories/Continuous%20Monitoring%2049cc6558ba5ec39fc9dba72f0c4795b6.csv),DE (functions/DE%206a7a33f74f05512596513064ee131420.csv),Personnel activity and technology usage are monitored to find potentially adverse events,Yes,nadia.khan <nadia.khan@almasecurity.com>,jane <jane@almasecurity.com>; john <john@almasecurity.com>,steve <steve@almasecurity.com>,"AC-02,AU-12,AU-13,CA-07,CM-10,CM-11","1. Inquiry: CISO, IAM Team, 2. Inspect logical monitoring policy, 3. Observe SOC dashboards",3,5,2,5,Logical access monitoring via CloudTrail. SSO with Windows Authenticator and Palo Alto 2FA provides authentication logging. IAM team reviews anomalies.,06-Feb,Complete,No,Yes,Yes,3,5,Access pattern monitoring enhanced. Failed authentication tracking and alerting operational. SOC dashboard development 60% complete.,02-May,Complete,No,Yes,Yes,3,5,,,Not Started,No,No,No,3,5,,,Not Started,No,No,No,nadia.khan <nadia.khan@almasecurity.com>,2026-08-31,5,Complete SOC dashboard development (currently 60%). Implement automated alerting for anomalous access patterns. Expand failed authentication monitoring to all authentication systems.,SOC-Ticket-1005
DE.CM-06,Continuous Monitoring (categories/Continuous%20Monitoring%2049cc6558ba5ec39fc9dba72f0c4795b6.csv),DE (functions/DE%206a7a33f74f05512596513064ee131420.csv),External service provider activities and services are monitored to find potentially adverse events,No,,,,"CA-07,PS-07,SA-04,SA-09,SI-04",,0,0,0,0,,,Not Started,No,No,No,0,0,,,Not Started,No,No,No,0,0,,,Not Started,No,No,No,0,0,,,Not Started,No,No,No,,,0,,
DE.CM-09,Continuous Monitoring (categories/Continuous%20Monitoring%2049cc6558ba5ec39fc9dba72f0c4795b6.csv),DE (functions/DE%206a7a33f74f05512596513064ee131420.csv),"Computing hardware and software, runtime environments, and their data are monitored to find potentially adverse events",Yes,tigan.wang <tigan.wang@almasecurity.com>,jane <jane@almasecurity.com>; john <john@almasecurity.com>,steve <steve@almasecurity.com>,"AC-04,AC-09,AU-12,CA-07,CM-03,CM-06,CM-10,CM-11,SC-34,SC-35,SI-04,SI-07","1. Inquiry: CISO, IT Ops, 2. Inspect system monitoring policy, 3. Observe SOC dashboards",3,5,2,5,O365 ATP monitors email/web traffic. Slack communications monitored for policy violations. Data leak detection capabilities being evaluated.,07-Feb,Complete,Yes,Yes,Yes,3,5,System monitoring policy documented and approved. O365 ATP tuned for Alma-specific threats. Collaboration service monitoring scope expanded.,03-May,Complete,Yes,Yes,Yes,3,5,,,Not Started,No,No,No,3,5,,,Not Started,No,No,No,tigan.wang <tigan.wang@almasecurity.com>,2026-09-30,5,Deploy data leak detection capabilities. Expand collaboration service monitoring to cover all sanctioned applications. Tune O365 ATP rules based on false positive analysis.,
GV.OC-01,Organizational Context (categories/Organizational%20Context%2065a2d778da17a625edcd642ec86d5de4.csv),GV (functions/GV%2014c28856c35b324b9a2752f658c7d743.csv),The organizational mission is understood and informs cybersecurity risk management,Yes,gerry <gerry@almasecurity.com>,jane <jane@almasecurity.com>; john <john@almasecurity.com>,steve <steve@almasecurity.com>,PM-11,"1. Inquiry: CEO, CISO
2. Inspect Website
3. Inspect quarterly Board agenda, slides and minutes
4. Inspect monthly management agenda, slides and minutes",6,5,5,5,"Mission ""Ensure businesses can continuously authenticate users using their whole selves"" documented and communicated organization-wide. Mission directly informs risk appetite and security investment decisions.",11-Jan,Complete,Yes,No,No,6,5,Mission-aligned risk management fully operational. Board receives quarterly security posture updates tied to mission objectives. Apple Passkey partnership risk assessment completed supporting G8 goal.,06-Apr,Complete,No,Yes,Yes,6,5,,02-Jun,In Progress,No,Yes,No,6,5,,,Not Started,No,No,No,,,5,,
GV.OC-02,Organizational Context (categories/Organizational%20Context%2065a2d778da17a625edcd642ec86d5de4.csv),GV (functions/GV%2014c28856c35b324b9a2752f658c7d743.csv),"Internal and external stakeholders are understood, and their needs and expectations regarding cybersecurity risk management are understood and considered",Yes,gerry <gerry@almasecurity.com>,jane <jane@almasecurity.com>; john <john@almasecurity.com>,steve <steve@almasecurity.com>,"PM-09,PM-18,PM-30,SR-03,SR-05,SR-06,SR-08",,6.5,5,5,5,"The IT Manager explained that:
- Internal and external stakeholder mapping completed. 
- Customer expectations for biometric data security documented. 
Inspected executive presentations, minutes and Risk Committee charter. No exceptions noted. ",13-Jan,Complete,Yes,Yes,No,6.5,5,Stakeholder expectations integrated into security service catalog. Public trust rebuilding program (addressing 2022 events) showing measurable progress. Regular stakeholder feedback mechanisms operational.,08-Apr,Complete,No,Yes,Yes,6.5,5,,04-Jun,In Progress,No,Yes,No,6.5,5,,,Not Started,No,No,No,,,5,,
GV.OC-03,Organizational Context (categories/Organizational%20Context%2065a2d778da17a625edcd642ec86d5de4.csv),GV (functions/GV%2014c28856c35b324b9a2752f658c7d743.csv),"Legal, regulatory, and contractual requirements regarding cybersecurity - including privacy and civil liberties obligations - are understood and managed",No,,,,"AC-01,AT-01,AU-01,CA-01,CM-01,CP-01,IA-01,IR-01,MA-01,MP-01,PE-01,PL-01,PM-01,PM-28,PS-01,PT,PT-01,RA-01,SA-01,SC-01,SI-01,SR-01",,0,0,0,0,,,Not Started,No,No,No,0,0,,,Not Started,No,No,No,0,0,,,Not Started,No,No,No,0,0,,,Not Started,No,No,No,,,0,,
GV.OC-04,Organizational Context (categories/Organizational%20Context%2065a2d778da17a625edcd642ec86d5de4.csv),GV (functions/GV%2014c28856c35b324b9a2752f658c7d743.csv),"Critical objectives, capabilities, and services that external stakeholders depend on or expect from the organization are understood and communicated",No,,,,"CP-02(08),PM-08,PM-11,PM-30(01),RA-09",,0,0,0,0,,,Not Started,No,No,No,0,0,,,Not Started,No,No,No,0,0,,,Not Started,No,No,No,0,0,,,Not Started,No,No,No,,,0,,
GV.OC-05,Organizational Context (categories/Organizational%20Context%2065a2d778da17a625edcd642ec86d5de4.csv),GV (functions/GV%2014c28856c35b324b9a2752f658c7d743.csv),"Outcomes, capabilities, and services that the organization depends on are understood and communicated",No,,,,"PM-11,PM-30,RA-07,SA-09,SR-05",,0,0,0,0,,,Not Started,No,No,No,0,0,,,Not Started,No,No,No,0,0,,,Not Started,No,No,No,0,0,,,Not Started,No,No,No,,,0,,
GV.OV-01,Oversight (categories/Oversight%20da8ff49843bdb99b7341ff10b803bf48.csv),GV (functions/GV%2014c28856c35b324b9a2752f658c7d743.csv),Cybersecurity risk management strategy outcomes are reviewed to inform and adjust strategy and direction,Yes,gerry <gerry@almasecurity.com>,jane <jane@almasecurity.com>; john <john@almasecurity.com>,steve <steve@almasecurity.com>,"AC-01,AT-01,AU-01,CA-01,CM-01,CP-01,IA-01,IR-01,MA-01,MP-01,PE-01,PL-01,PM-01,PM-09,PM-18,PM-30,PM-31,PS-01,PT-01,RA-01,RA-07,SA-01,SC-01,SI-01,SR-01,SR-06","1. Inquiry: CEO, CISO, 2. Inspect Board meeting minutes, 3. Inspect management meeting minutes",6.5,5,6,5,"Comprehensive KPI framework operational: TTD=9hrs (down from 81hrs), TTI=14hrs, TTR-CJC=8 days, TTR-C=12 days. Board reviews strategy outcomes quarterly. Risk strategies balanced against operational needs.",14-Jan,Complete,Yes,Yes,Yes,6.5,5,Strategy outcomes drive resource allocation. TTR-CJC now under 6 days (Mar 2024). Detection capability investments approved based on KPI trends. Innovation-enabling approach adopted.,09-Apr,Complete,Yes,Yes,No,6.5,5,,05-Jun,In Progress,No,Yes,No,6.5,5,,,Not Started,No,No,No,,,5,,
GV.OV-02,Oversight (categories/Oversight%20da8ff49843bdb99b7341ff10b803bf48.csv),GV (functions/GV%2014c28856c35b324b9a2752f658c7d743.csv),The cybersecurity risk management strategy is reviewed and adjusted to ensure coverage of organizational requirements and risks,No,,,,"PM-09,PM-19,PM-30,PM-31,RA-07,SR-06",,0,0,0,0,,,Not Started,No,No,No,0,0,,,Not Started,No,No,No,0,0,,,Not Started,No,No,No,0,0,,,Not Started,No,No,No,,,0,,
GV.OV-03,Oversight (categories/Oversight%20da8ff49843bdb99b7341ff10b803bf48.csv),GV (functions/GV%2014c28856c35b324b9a2752f658c7d743.csv),Organizational cybersecurity risk management performance is evaluated and reviewed for adjustments needed,No,,,,"PM-04,PM-06,RA-07,SR-06",,0,0,0,0,,,Not Started,No,No,No,0,0,,,Not Started,No,No,No,0,0,,,Not Started,No,No,No,0,0,,,Not Started,No,No,No,,,0,,
GV.PO-01,Policy (categories/Policy%2048e79404fc984ac0f4bf665d55943ef2.csv),GV (functions/GV%2014c28856c35b324b9a2752f658c7d743.csv),"Policy for managing cybersecurity risks is established based on organizational context, cybersecurity strategy, and priorities and is communicated and enforced",No,,,,"AC-01,AT-01,AU-01,CA-01,CM-01,CP-01,IA-01,IR-01,MA-01,MP-01,PE-01,PL-01,PM-01,PS-01,PT-01,RA-01,SA-01,SC-01,SI-01,SR-01",,0,0,0,0,,,Not Started,No,No,No,0,0,,,Not Started,No,No,No,0,0,,,Not Started,No,No,No,0,0,,,Not Started,No,No,No,,,0,,
GV.PO-02,Policy (categories/Policy%2048e79404fc984ac0f4bf665d55943ef2.csv),GV (functions/GV%2014c28856c35b324b9a2752f658c7d743.csv),"Policy for managing cybersecurity risks is reviewed, updated, communicated, and enforced to reflect changes in requirements, threats, technology, and organizational mission",No,,,,"AC-01,AT-01,AU-01,CA-01,CM-01,CP-01,IA-01,IR-01,MA-01,MP-01,PE-01,PL-01,PM-01,PS-01,PT-01,RA-01,SA-01,SC-01,SI-01,SR-01",,0,0,0,0,,,Not Started,No,No,No,0,0,,,Not Started,No,No,No,0,0,,,Not Started,No,No,No,0,0,,,Not Started,No,No,No,,,0,,
GV.RM-01,Risk Management Strategy (categories/Risk%20Management%20Strategy%20361ac372924df4a0946f041fee7464f6.csv),GV (functions/GV%2014c28856c35b324b9a2752f658c7d743.csv),Risk management objectives are established and agreed to by organizational stakeholders,Yes,gerry <gerry@almasecurity.com>,jane <jane@almasecurity.com>; john <john@almasecurity.com>,steve <steve@almasecurity.com>,"PM-09,RA-07,SR-02","1. Inquiry: CISO, 2. Inspect quarterly Board slides, 3. Inspect monthly management slides",6.5,5,6,5,"Measurable risk management objectives established with Board approval: TTD &lt;4min by Jan 2027, TTR-CJC &lt;16hrs by Aug 2027. Objectives aligned with company goals G1-G8.",15-Jan,Complete,Yes,Yes,No,6.5,5,Objectives tracked with automated dashboards. Significant progress: TTD reduced 89% from baseline. ASM vendor selected to address R2/R4 risks. Monthly management reviews of objective progress.,10-Apr,Complete,No,Yes,Yes,6.5,5,,06-Jun,In Progress,No,Yes,No,6.5,5,,,Not Started,No,No,No,,,5,,
GV.RM-02,Risk Management Strategy (categories/Risk%20Management%20Strategy%20361ac372924df4a0946f041fee7464f6.csv),GV (functions/GV%2014c28856c35b324b9a2752f658c7d743.csv),"Risk appetite and risk tolerance statements are established, communicated, and maintained",No,,,,PM-09,,0,0,0,0,,,Not Started,No,No,No,0,0,,,Not Started,No,No,No,0,0,,,Not Started,No,No,No,0,0,,,Not Started,No,No,No,,,0,,
GV.RM-03,Risk Management Strategy (categories/Risk%20Management%20Strategy%20361ac372924df4a0946f041fee7464f6.csv),GV (functions/GV%2014c28856c35b324b9a2752f658c7d743.csv),Cybersecurity risk management activities and outcomes are included in enterprise risk management processes,No,,,,"PM-03,PM-09,PM-30,RA-07,SR-02",,0,0,0,0,,,Not Started,No,No,No,0,0,,,Not Started,No,No,No,0,0,,,Not Started,No,No,No,0,0,,,Not Started,No,No,No,,,0,,
GV.RM-04,Risk Management Strategy (categories/Risk%20Management%20Strategy%20361ac372924df4a0946f041fee7464f6.csv),GV (functions/GV%2014c28856c35b324b9a2752f658c7d743.csv),Strategic direction that describes appropriate risk response options is established and communicated,No,,,,"PM-09,PM-28,PM-30,SR-02",,0,0,0,0,,,Not Started,No,No,No,0,0,,,Not Started,No,No,No,0,0,,,Not Started,No,No,No,0,0,,,Not Started,No,No,No,,,0,,
GV.RM-05,Risk Management Strategy (categories/Risk%20Management%20Strategy%20361ac372924df4a0946f041fee7464f6.csv),GV (functions/GV%2014c28856c35b324b9a2752f658c7d743.csv),"Lines of communication across the organization are established for cybersecurity risks, including risks from suppliers and other third parties",No,,,,"PM-09,PM-30",,0,0,0,0,,,Not Started,No,No,No,0,0,,,Not Started,No,No,No,0,0,,,Not Started,No,No,No,0,0,,,Not Started,No,No,No,,,0,,
GV.RM-06,Risk Management Strategy (categories/Risk%20Management%20Strategy%20361ac372924df4a0946f041fee7464f6.csv),GV (functions/GV%2014c28856c35b324b9a2752f658c7d743.csv),"A standardized method for calculating, documenting, categorizing, and prioritizing cybersecurity risks is established and communicated",No,,,,"PM-09,PM-18,PM-28,PM-30,RA-03",,0,0,0,0,,,Not Started,No,No,No,0,0,,,Not Started,No,No,No,0,0,,,Not Started,No,No,No,0,0,,,Not Started,No,No,No,,,0,,
GV.RM-07,Risk Management Strategy (categories/Risk%20Management%20Strategy%20361ac372924df4a0946f041fee7464f6.csv),GV (functions/GV%2014c28856c35b324b9a2752f658c7d743.csv),"Strategic opportunities (i.e., positive risks) are characterized and are included in organizational cybersecurity risk discussions",No,,,,"PM-09,PM-18,PM-28,PM-30,RA-03",,0,0,0,0,,,Not Started,No,No,No,0,0,,,Not Started,No,No,No,0,0,,,Not Started,No,No,No,0,0,,,Not Started,No,No,No,,,0,,
GV.RR-01,"Roles, Responsibilities, and Authorities (categories/Roles,%20Responsibilities,%20and%20Authorities%20ce7743083054c1676c1473a437b85229.csv)",GV (functions/GV%2014c28856c35b324b9a2752f658c7d743.csv),"Organizational leadership is responsible and accountable for cybersecurity risk and fosters a culture that is risk-aware, ethical, and continually improving",Yes,gerry <gerry@almasecurity.com>,jane <jane@almasecurity.com>; john <john@almasecurity.com>,steve <steve@almasecurity.com>,"PM-02,PM-19,PM-23,PM-24,PM-29","1. Inquiry: CEO, CISO, 2. Inspect security governance charter, 3. Inspect coordination meeting minutes",6,5,5,5,Security governance charter approved. CISO reports directly to CEO with Board visibility. Authority reviews completed. Coordination protocols established despite staffing constraints.,16-Jan,Complete,Yes,Yes,Yes,6,5,Leadership accountability demonstrated through quarterly Board presentations. Hiring authority approved for 5 additional A-tier professionals (STS1). Cross-functional coordination meetings formalized.,11-Apr,Complete,Yes,Yes,No,6,5,,07-Jun,In Progress,No,Yes,No,6,5,,,Not Started,No,No,No,,,5,,
GV.RR-02,"Roles, Responsibilities, and Authorities (categories/Roles,%20Responsibilities,%20and%20Authorities%20ce7743083054c1676c1473a437b85229.csv)",GV (functions/GV%2014c28856c35b324b9a2752f658c7d743.csv),"Roles, responsibilities, and authorities related to cybersecurity risk management are established, communicated, understood, and enforced",Yes,gerry <gerry@almasecurity.com>,jane <jane@almasecurity.com>; john <john@almasecurity.com>,steve <steve@almasecurity.com>,"PM-02,PM-13,PM-19,PM-23,PM-24,PM-29","1. Inquiry: CISO, 2. Inspect cybersecurity policy, 3. Inspect RACI matrix",6,5,5,5,"RACI matrix completed and communicated. Security team roles clearly defined: Nadia Khan (D&R Lead), Chris Magann (VM Lead), Tigan Wang (VM). Risk management authorities documented in policy.",12-Jan,Complete,Yes,Yes,No,6,5,"Roles enforced through formal governance process. Team expanded per STS1 hiring strategy. Cross-functional coordination meetings established with IT, Legal, and Product teams.",07-Apr,Complete,Yes,Yes,No,6,5,,03-Jun,In Progress,No,Yes,No,6,5,,,Not Started,No,No,No,,,5,,
GV.RR-03,"Roles, Responsibilities, and Authorities (categories/Roles,%20Responsibilities,%20and%20Authorities%20ce7743083054c1676c1473a437b85229.csv)",GV (functions/GV%2014c28856c35b324b9a2752f658c7d743.csv),"Adequate resources are allocated commensurate with the cybersecurity risk strategy, roles, responsibilities, and policies",No,,,,PM-03,,0,0,0,0,,,Not Started,No,No,No,0,0,,,Not Started,No,No,No,0,0,,,Not Started,No,No,No,0,0,,,Not Started,No,No,No,,,0,,
GV.RR-04,"Roles, Responsibilities, and Authorities (categories/Roles,%20Responsibilities,%20and%20Authorities%20ce7743083054c1676c1473a437b85229.csv)",GV (functions/GV%2014c28856c35b324b9a2752f658c7d743.csv),Cybersecurity is included in human resources practices,No,,,,"PM-13,PS-01,PS-07,PS-09",,0,0,0,0,,,Not Started,No,No,No,0,0,,,Not Started,No,No,No,0,0,,,Not Started,No,No,No,0,0,,,Not Started,No,No,No,,,0,,
GV.SC-01,Cybersecurity Supply Chain Risk Management (categories/Cybersecurity%20Supply%20Chain%20Risk%20Management%20ad778272d847f2cd436d6d146af0bf96.csv),GV (functions/GV%2014c28856c35b324b9a2752f658c7d743.csv),"A cybersecurity supply chain risk management program, strategy, objectives, policies, and processes are established and agreed to by organizational stakeholders",Yes,gerry <gerry@almasecurity.com>,jane <jane@almasecurity.com>; john <john@almasecurity.com>,steve <steve@almasecurity.com>,"PM-30,SR-02,SR-03",,6,5,5.5,5,"SCRM program established with documented strategy, objectives, and policies. Vendor management policy approved. ServiceNow assessment workflows deployed for critical vendors.",17-Jan,Complete,Yes,Yes,Yes,6,5,Program processes fully operational. Apple Passkey integration (G8) vendor requirements defined and enforced. Program performance metrics tracked. Feb 2025 audit scope finalized.,12-Apr,Complete,Yes,Yes,Yes,6,5,,08-Jun,In Progress,No,Yes,No,6,5,,,Not Started,No,No,No,,,5,,
GV.SC-02,Cybersecurity Supply Chain Risk Management (categories/Cybersecurity%20Supply%20Chain%20Risk%20Management%20ad778272d847f2cd436d6d146af0bf96.csv),GV (functions/GV%2014c28856c35b324b9a2752f658c7d743.csv),"Cybersecurity roles and responsibilities for suppliers, customers, and partners are established, communicated, and coordinated internally and externally",Yes,gerry <gerry@almasecurity.com>,jane <jane@almasecurity.com>; john <john@almasecurity.com>,steve <steve@almasecurity.com>,"SR-02,SR-03,SR-05",,6,5,5.5,5,Supplier cybersecurity roles documented internally. RACI for third-party risk management completed. Procurement team trained on SCRM responsibilities.,18-Jan,Complete,Yes,Yes,No,6,5,Roles communicated externally to all critical suppliers via updated contracts. Procurement staff certified on SCRM. Supplier security requirements included in RFP templates.,13-Apr,Complete,Yes,Yes,No,6,5,,09-Jun,In Progress,No,Yes,No,6,5,,,Not Started,No,No,No,,,5,,
GV.SC-03,Cybersecurity Supply Chain Risk Management (categories/Cybersecurity%20Supply%20Chain%20Risk%20Management%20ad778272d847f2cd436d6d146af0bf96.csv),GV (functions/GV%2014c28856c35b324b9a2752f658c7d743.csv),"Cybersecurity supply chain risk management is integrated into cybersecurity and enterprise risk management, risk assessment, and improvement processes",No,,,,"AC-01,AT-01,AU-01,CA-01,CM-01,CP-01,IA-01,IR-01,MA-01,MP-01,PE-01,PL-01,PM-01,PM-09,PM-18,PM-30,PM-31,PS-01,PT-01,RA-01,RA-03,RA-07,SA-01,SC-01,SI-01,SR-01,SR-02,SR-03",,0,0,0,0,,,Not Started,No,No,No,0,0,,,Not Started,No,No,No,0,0,,,Not Started,No,No,No,0,0,,,Not Started,No,No,No,,,0,,
GV.SC-04,Cybersecurity Supply Chain Risk Management (categories/Cybersecurity%20Supply%20Chain%20Risk%20Management%20ad778272d847f2cd436d6d146af0bf96.csv),GV (functions/GV%2014c28856c35b324b9a2752f658c7d743.csv),Suppliers are known and prioritized by criticality,Yes,gerry <gerry@almasecurity.com>,jane <jane@almasecurity.com>; john <john@almasecurity.com>,steve <steve@almasecurity.com>,"RA-09,SA-09,SR-06",,6.5,5,5,5,"The IT Manager explained that GRC verified that:
Supplier risk tiers documented in Third Party Risk Management Policy. No PO No Pay policy, and all suppliers paid were identified and ranked by data sensitivity, system access level, and mission importance.",10-Jan,Complete,Yes,Yes,No,6.5,5,Criticality framework operationalized with ServiceNow integration. Automated supplier risk scoring deployed. Quarterly reviews of supplier criticality ratings conducted with stakeholder sign-off.,05-Apr,Complete,Yes,Yes,Yes,6.5,5,,01-Jun,In Progress,No,Yes,No,6.5,5,,,Not Started,No,No,No,,,5,,Third Party Risk Management Policy
GV.SC-05,Cybersecurity Supply Chain Risk Management (categories/Cybersecurity%20Supply%20Chain%20Risk%20Management%20ad778272d847f2cd436d6d146af0bf96.csv),GV (functions/GV%2014c28856c35b324b9a2752f658c7d743.csv),"Requirements to address cybersecurity risks in supply chains are established, prioritized, and integrated into contracts and other types of agreements with suppliers and other relevant third parties",No,,,,"SA-04,SA-09,SR-03,SR-05,SR-06,SR-10",,0,0,0,0,,,Not Started,No,No,No,0,0,,,Not Started,No,No,No,0,0,,,Not Started,No,No,No,0,0,,,Not Started,No,No,No,,,0,,
GV.SC-06,Cybersecurity Supply Chain Risk Management (categories/Cybersecurity%20Supply%20Chain%20Risk%20Management%20ad778272d847f2cd436d6d146af0bf96.csv),GV (functions/GV%2014c28856c35b324b9a2752f658c7d743.csv),Planning and due diligence are performed to reduce risks before entering into formal supplier or other third-party relationships,Yes,gerry <gerry@almasecurity.com>,jane <jane@almasecurity.com>; john <john@almasecurity.com>,steve <steve@almasecurity.com>,"SA-04,SA-09,SR-05,SR-06",,5,5,5,5,Vendor risk assessment criteria standardized. ServiceNow onboarding workflow operational. Due diligence requirements documented for all vendor tiers.,19-Jan,Complete,Yes,Yes,Yes,5,5,Risk assessments mandatory before contract execution. Apple Passkey vendor assessment completed with remediation tracking. Assessment results inform contract terms.,14-Apr,Complete,No,Yes,Yes,5,5,,10-Jun,In Progress,No,Yes,No,5,5,,,Not Started,No,No,No,,,5,,
GV.SC-07,Cybersecurity Supply Chain Risk Management (categories/Cybersecurity%20Supply%20Chain%20Risk%20Management%20ad778272d847f2cd436d6d146af0bf96.csv),GV (functions/GV%2014c28856c35b324b9a2752f658c7d743.csv),"The risks posed by a supplier, their products and services, and other third parties are understood, recorded, prioritized, assessed, responded to, and monitored over the course of the relationship",No,,,,"RA-09,SA-04,SA-09,SR-03,SR-06",,0,0,0,0,,,Not Started,No,No,No,0,0,,,Not Started,No,No,No,0,0,,,Not Started,No,No,No,0,0,,,Not Started,No,No,No,,,0,,
GV.SC-08,Cybersecurity Supply Chain Risk Management (categories/Cybersecurity%20Supply%20Chain%20Risk%20Management%20ad778272d847f2cd436d6d146af0bf96.csv),GV (functions/GV%2014c28856c35b324b9a2752f658c7d743.csv),"Relevant suppliers and other third parties are included in incident planning, response, and recovery activities",No,,,,"CP-01,IR-01,SA-04,SA-09,SR-02,SR-03,SR-08",,0,0,0,0,,,Not Started,No,No,No,0,0,,,Not Started,No,No,No,0,0,,,Not Started,No,No,No,0,0,,,Not Started,No,No,No,,,0,,
GV.SC-09,Cybersecurity Supply Chain Risk Management (categories/Cybersecurity%20Supply%20Chain%20Risk%20Management%20ad778272d847f2cd436d6d146af0bf96.csv),GV (functions/GV%2014c28856c35b324b9a2752f658c7d743.csv),"Supply chain security practices are integrated into cybersecurity and enterprise risk management programs, and their performance is monitored throughout the technology product and service life cycle",Yes,gerry <gerry@almasecurity.com>,jane <jane@almasecurity.com>; john <john@almasecurity.com>,steve <steve@almasecurity.com>,"PM-09,PM-19,PM-28,PM-30,PM-31,RA-03,RA-07,SA-04,SA-09,SR-02,SR-03,SR-05,SR-06","1. Inquiry: CISO, CIO, 2. Inspect cybersecurity policy, 3. Inspect change management policy",6,5,5,5,Supply chain security practices documented in cybersecurity policy. Critical hardware change verification procedures established. Integration with ERM program initiated.,21-Jan,Complete,Yes,Yes,Yes,6,5,Full ERM integration achieved. Hardware change verification automated where possible. Lifecycle monitoring operational for critical technology products.,16-Apr,Complete,No,Yes,Yes,6,5,,12-Jun,In Progress,No,Yes,No,6,5,,,Not Started,No,No,No,,,5,,
GV.SC-10,Cybersecurity Supply Chain Risk Management (categories/Cybersecurity%20Supply%20Chain%20Risk%20Management%20ad778272d847f2cd436d6d146af0bf96.csv),GV (functions/GV%2014c28856c35b324b9a2752f658c7d743.csv),Cybersecurity supply chain risk management plans include provisions for activities that occur after the conclusion of a partnership or service agreement,Yes,gerry <gerry@almasecurity.com>,jane <jane@almasecurity.com>; john <john@almasecurity.com>,steve <steve@almasecurity.com>,"PM-31,RA-03,RA-05,RA-07,SA-04,SA-09,SR-02,SR-03,SR-05,SR-06","1. Inquiry: CISO, Procurement, 2. Inspect offboarding checklist, 3. Inspect sample of terminated supplier accounts",6,5,5,5,Comprehensive offboarding checklist implemented. Supplier access termination procedures documented. Access reviews conducted upon contract termination.,20-Jan,Complete,Yes,Yes,Yes,6,5,Automated access deactivation within 24 hours for terminated suppliers. Sample audits confirm compliance. Offboarding process integrated with procurement workflow.,15-Apr,Complete,No,Yes,Yes,6,5,,11-Jun,In Progress,No,Yes,No,6,5,,,Not Started,No,No,No,,,5,,
ID.AM-01,Asset Management (categories/Asset%20Management%2070b3428272e5456f7065a56a0aca6007.csv),ID (functions/ID%20cbfbcfb32ba15290c21c768657ace43e.csv),Inventories of hardware managed by the organization are maintained,No,,,,"CM-08,PM-05",,0,0,0,0,,,Not Started,No,No,No,0,0,,,Not Started,No,No,No,0,0,,,Not Started,No,No,No,0,0,,,Not Started,No,No,No,,,0,,
ID.AM-02,Asset Management (categories/Asset%20Management%2070b3428272e5456f7065a56a0aca6007.csv),ID (functions/ID%20cbfbcfb32ba15290c21c768657ace43e.csv),"Inventories of software, services, and systems managed by the organization are maintained",Yes,chris.magann <chris.magann@almasecurity.com>,jane <jane@almasecurity.com>; john <john@almasecurity.com>,steve <steve@almasecurity.com>,"AC-20,CM-08,PM-05,SA-05,SA-09","1. Inquiry: CISO, CIO, 2. Inspect software inventory, 3. Observe discovery scans",3,5,2,5,Software inventory 70% complete. AWS assets tracked via native tools. Asset inventory system requirements documented (STS4).,08-Feb,Complete,Yes,Yes,Yes,3,5,Inventory improving with 85% coverage. Cloud assets continuously tracked. Asset inventory system procurement aligned with ASM vendor selection.,04-May,Complete,Yes,Yes,No,3,5,,,Not Started,No,No,No,3,5,,,Not Started,No,No,No,chris.magann <chris.magann@almasecurity.com>,2026-10-31,5,Complete asset inventory system procurement aligned with ASM vendor (STS4). Achieve 95% software inventory coverage. Implement continuous monitoring for container and VM inventory changes.,
ID.AM-03,Asset Management (categories/Asset%20Management%2070b3428272e5456f7065a56a0aca6007.csv),ID (functions/ID%20cbfbcfb32ba15290c21c768657ace43e.csv),Representations of the organization's authorized network communication and internal and external network data flows are maintained,No,,,,"AC-04,CA-03,CA-09,PL-02,PL-08,PM-07",,0,0,0,0,,,Not Started,No,No,No,0,0,,,Not Started,No,No,No,0,0,,,Not Started,No,No,No,0,0,,,Not Started,No,No,No,,,0,,
ID.AM-04,Asset Management (categories/Asset%20Management%2070b3428272e5456f7065a56a0aca6007.csv),ID (functions/ID%20cbfbcfb32ba15290c21c768657ace43e.csv),Inventories of services provided by suppliers are maintained,No,,,,"AC-20,SA-09,SR-02",,0,0,0,0,,,Not Started,No,No,No,0,0,,,Not Started,No,No,No,0,0,,,Not Started,No,No,No,0,0,,,Not Started,No,No,No,,,0,,
ID.AM-05,Asset Management (categories/Asset%20Management%2070b3428272e5456f7065a56a0aca6007.csv),ID (functions/ID%20cbfbcfb32ba15290c21c768657ace43e.csv),"Assets are prioritized based on classification, criticality, resources, and impact on the mission",No,,,,"RA-02,RA-03,RA-09",,0,0,0,0,,,Not Started,No,No,No,0,0,,,Not Started,No,No,No,0,0,,,Not Started,No,No,No,0,0,,,Not Started,No,No,No,,,0,,
ID.AM-07,Asset Management (categories/Asset%20Management%2070b3428272e5456f7065a56a0aca6007.csv),ID (functions/ID%20cbfbcfb32ba15290c21c768657ace43e.csv),Inventories of data and corresponding metadata for designated data types are maintained,Yes,chris.magann <chris.magann@almasecurity.com>,jane <jane@almasecurity.com>; john <john@almasecurity.com>,steve <steve@almasecurity.com>,"CM-12,CM-13,SI-12","1. Inquiry: CISO, Data Governance, 2. Inspect data classification policy, 3. Observe data scanning tool",3,5,2,5,Data classification policy approved. Biometric data classified as highest sensitivity (SG1). Tagging implementation in pilot phase.,09-Feb,Complete,Yes,Yes,No,3,5,Classification schema operationalized. Sensitive data types tagged in production systems. Data scanning tool selected and deployment scheduled.,05-May,Complete,Yes,Yes,Yes,3,5,,,Not Started,No,No,No,3,5,,,Not Started,No,No,No,chris.magann <chris.magann@almasecurity.com>,2026-09-30,5,Complete data scanning tool deployment. Extend classification tagging to all production data stores. Implement automated classification for new data assets. Address biometric data inventory gaps.,
ID.AM-08,Asset Management (categories/Asset%20Management%2070b3428272e5456f7065a56a0aca6007.csv),ID (functions/ID%20cbfbcfb32ba15290c21c768657ace43e.csv),"Systems, hardware, software, services, and data are managed throughout their life cycles",No,,,,"CM-09,CM-13,MA-02,MA-06,PL-02,PM-22,PM-23,SA-03,SA-04,SA-08,SA-22,SI-12,SI-18,SR-05,SR-12",,0,0,0,0,,,Not Started,No,No,No,0,0,,,Not Started,No,No,No,0,0,,,Not Started,No,No,No,0,0,,,Not Started,No,No,No,,,0,,
ID.IM-01,Improvement (categories/Improvement%2072eff466922c638c29808978bea03382.csv),ID (functions/ID%20cbfbcfb32ba15290c21c768657ace43e.csv),Improvements are identified from evaluations,Yes,chris.magann <chris.magann@almasecurity.com>,jane <jane@almasecurity.com>; john <john@almasecurity.com>,steve <steve@almasecurity.com>,"AC-01,AT-01,AU-01,CA-01,CA-02,CA-05,CA-07,CA-08,CM-01,CP-01,CP-02,IA-01,IR-01,IR-04,IR-08,MA-01,MP-01,PE-01,PL-01,PL-02,PM-01,PS-01,PT-01,RA-01,RA-03,RA-05,RA-07,SA-01,SA-08,SA-11,SA-17(06),SC-01,SI-01,SI-02,SI-04,SR-01,SR-05","1. Inquiry: CISO, 2. Inspect risk assessment methodology, 3. Inspect sample of risk assessments",3,5,2,5,Self-assessment program established. Risk assessment methodology documented. Threat-informed assessments conducted for crown jewel systems.,10-Feb,Complete,Yes,Yes,No,3,5,Structured risk assessments completed quarterly. KPI-driven improvement identification operational. TTD/TTR trends inform security investments.,06-May,Complete,No,Yes,Yes,3,5,,,Not Started,No,No,No,3,5,,,Not Started,No,No,No,chris.magann <chris.magann@almasecurity.com>,2026-10-31,5,Formalize self-assessment program with documented schedule. Expand threat-informed assessments beyond crown jewels. Implement improvement tracking dashboard linked to KPI trends.,
ID.IM-02,Improvement (categories/Improvement%2072eff466922c638c29808978bea03382.csv),ID (functions/ID%20cbfbcfb32ba15290c21c768657ace43e.csv),"Improvements are identified from security tests and exercises, including those done in coordination with suppliers and relevant third parties",No,,,,"AC-01,AT-01,AU-01,CA-01,CA-02,CA-05,CA-07,CA-08,CM-01,CP-01,CP-02,CP-04,IA-01,IR-01,IR-03,IR-04,IR-08,MA-01,MP-01,PE-01,PL-01,PL-02,PM-01,PM-04,PM-31,PS-01,PT-01,RA-01,RA-03,RA-05,RA-07,SA-01,SA-08,SA-11,SC-01,SI-01,SI-02,SI-04,SR-01,SR-05",,0,0,0,0,,,Not Started,No,No,No,0,0,,,Not Started,No,No,No,0,0,,,Not Started,No,No,No,0,0,,,Not Started,No,No,No,,,0,,
ID.IM-03,Improvement (categories/Improvement%2072eff466922c638c29808978bea03382.csv),ID (functions/ID%20cbfbcfb32ba15290c21c768657ace43e.csv),"Improvements are identified from execution of operational processes, procedures, and activities",No,,,,"AC-01,AT-01,AU-01,CA-01,CA-02,CA-05,CA-07,CA-08,CM-01,CP-01,CP-02,IA-01,IR-01,IR-04,IR-08,MA-01,MP-01,PE-01,PL-01,PL-02,PM-01,PM-04,PM-31,PS-01,PT-01,RA-01,RA-03,RA-05,RA-07,SA-01,SA-04,SA-08,SA-11,SC-01,SI-01,SI-02,SI-04,SR-01,SR-05",,0,0,0,0,,,Not Started,No,No,No,0,0,,,Not Started,No,No,No,0,0,,,Not Started,No,No,No,0,0,,,Not Started,No,No,No,,,0,,
ID.IM-04,Improvement (categories/Improvement%2072eff466922c638c29808978bea03382.csv),ID (functions/ID%20cbfbcfb32ba15290c21c768657ace43e.csv),"Incident response plans and other cybersecurity plans that affect operations are established, communicated, maintained, and improved",No,,,,"CP-02,IR-08,PL-02,SR-02",,0,0,0,0,,,Not Started,No,No,No,0,0,,,Not Started,No,No,No,0,0,,,Not Started,No,No,No,0,0,,,Not Started,No,No,No,,,0,,
ID.RA-01,Risk Assessment (categories/Risk%20Assessment%20d13c30999165f054522c5a8e4079d297.csv),ID (functions/ID%20cbfbcfb32ba15290c21c768657ace43e.csv),"Vulnerabilities in assets are identified, validated, and recorded",Yes,gerry <gerry@almasecurity.com>,jane <jane@almasecurity.com>; john <john@almasecurity.com>,steve <steve@almasecurity.com>,"CA-02,CA-07,CA-08,RA-03,RA-05,SA-11(02),SA-15(07),SA-15(08),SI-04,SI-05","1. Inquiry: CISO, 2. Inspect vulnerability scan configs, 3. Inspect vulnerability reports",5,5,3,5,Vulnerability scanning operational with Chris Magann and Tigan Wang leading VM program. Scan configs documented. Regular scanning of crown jewel systems.,29-Jan,Complete,Yes,Yes,Yes,5,5,VM program mature with TTR-C at 11 days (Apr 2024). Vulnerability reports reviewed weekly. Crown jewel systems prioritized. Automated scanning and reporting operational.,24-Apr,Complete,No,Yes,Yes,5,5,,20-Jun,Submitted,No,Yes,No,5,5,,,Not Started,No,No,No,,,5,,
ID.RA-02,Risk Assessment (categories/Risk%20Assessment%20d13c30999165f054522c5a8e4079d297.csv),ID (functions/ID%20cbfbcfb32ba15290c21c768657ace43e.csv),Cyber threat intelligence is received from information sharing forums and sources,No,,,,"PM-15,PM-16,SI-05",,0,0,0,0,,,Not Started,No,No,No,0,0,,,Not Started,No,No,No,0,0,,,Not Started,No,No,No,0,0,,,Not Started,No,No,No,,,0,,
ID.RA-03,Risk Assessment (categories/Risk%20Assessment%20d13c30999165f054522c5a8e4079d297.csv),ID (functions/ID%20cbfbcfb32ba15290c21c768657ace43e.csv),Internal and external threats to the organization are identified and recorded,No,,,,"PM-12,PM-16,RA-03,SI-05",,0,0,0,0,,,Not Started,No,No,No,0,0,,,Not Started,No,No,No,0,0,,,Not Started,No,No,No,0,0,,,Not Started,No,No,No,,,0,,
ID.RA-04,Risk Assessment (categories/Risk%20Assessment%20d13c30999165f054522c5a8e4079d297.csv),ID (functions/ID%20cbfbcfb32ba15290c21c768657ace43e.csv),Potential impacts and likelihoods of threats exploiting vulnerabilities are identified and recorded,No,,,,"PM-09,PM-11,RA-02,RA-03,RA-08,RA-09",,0,0,0,0,,,Not Started,No,No,No,0,0,,,Not Started,No,No,No,0,0,,,Not Started,No,No,No,0,0,,,Not Started,No,No,No,,,0,,
ID.RA-05,Risk Assessment (categories/Risk%20Assessment%20d13c30999165f054522c5a8e4079d297.csv),ID (functions/ID%20cbfbcfb32ba15290c21c768657ace43e.csv),"Threats, vulnerabilities, likelihoods, and impacts are used to understand inherent risk and inform risk response prioritization",No,,,,"PM-16,RA-02,RA-03,RA-07",,0,0,0,0,,,Not Started,No,No,No,0,0,,,Not Started,No,No,No,0,0,,,Not Started,No,No,No,0,0,,,Not Started,No,No,No,,,0,,
ID.RA-06,Risk Assessment (categories/Risk%20Assessment%20d13c30999165f054522c5a8e4079d297.csv),ID (functions/ID%20cbfbcfb32ba15290c21c768657ace43e.csv),"Risk responses are chosen, prioritized, planned, tracked, and communicated",No,,,,"PM-09,PM-18,PM-30,RA-07",,0,0,0,0,,,Not Started,No,No,No,0,0,,,Not Started,No,No,No,0,0,,,Not Started,No,No,No,0,0,,,Not Started,No,No,No,,,0,,
ID.RA-07,Risk Assessment (categories/Risk%20Assessment%20d13c30999165f054522c5a8e4079d297.csv),ID (functions/ID%20cbfbcfb32ba15290c21c768657ace43e.csv),"Changes and exceptions are managed, assessed for risk impact, recorded, and tracked",Yes,chris.magann <chris.magann@almasecurity.com>,jane <jane@almasecurity.com>; john <john@almasecurity.com>,steve <steve@almasecurity.com>,"CA-07,CM-03,CM-04","1. Inquiry: CISO, Change Manager, 2. Inspect change management policy, 3. Inspect sample of change requests",3,5,1,5,Change management policy exists. Exception documentation process established but enforcement inconsistent across teams.,22-Jan,Complete,Yes,Yes,Yes,3,5,Change requests formally documented and tracked. Risk impact assessments required for crown jewel systems. Sample audits show 85% compliance with documented procedures.,17-Apr,Complete,Yes,Yes,Yes,3,5,,13-Jun,In Progress,No,Yes,No,3,5,,,Not Started,No,No,No,chris.magann <chris.magann@almasecurity.com>,2026-09-30,5,Implement automated change management enforcement in ServiceNow. Extend mandatory risk impact assessments to all systems (not just crown jewels). Conduct training for all teams on change documentation requirements. Target 95% compliance.,
ID.RA-08,Risk Assessment (categories/Risk%20Assessment%20d13c30999165f054522c5a8e4079d297.csv),ID (functions/ID%20cbfbcfb32ba15290c21c768657ace43e.csv),"Processes for receiving, analyzing, and responding to vulnerability disclosures are established",Yes,gerry <gerry@almasecurity.com>,jane <jane@almasecurity.com>; john <john@almasecurity.com>,steve <steve@almasecurity.com>,RA-05,"1. Inquiry: CISO, 2. Inspect vulnerability disclosure policy, 3. Inspect sample of disclosures",6,5,3,5,Vulnerability disclosure policy documented. External disclosure handling process established. Supplier disclosure requirements included in contracts.,14-Feb,Complete,Yes,Yes,No,6,5,Disclosure program mature with defined response SLAs. Supplier vulnerability sharing operational per contract terms. Sample disclosures processed within SLA.,10-May,Complete,No,Yes,Yes,6,5,,,Not Started,No,No,No,6,5,,,Not Started,No,No,No,,,5,,
ID.RA-09,Risk Assessment (categories/Risk%20Assessment%20d13c30999165f054522c5a8e4079d297.csv),ID (functions/ID%20cbfbcfb32ba15290c21c768657ace43e.csv),The authenticity and integrity of hardware and software are assessed prior to acquisition and use,No,,,,"SA-04,SA-05,SA-10,SA-11,SA-15,SA-17,SI-07,SR-05,SR-06,SR-10,SR-11",,0,0,0,0,,,Not Started,No,No,No,0,0,,,Not Started,No,No,No,0,0,,,Not Started,No,No,No,0,0,,,Not Started,No,No,No,,,0,,
ID.RA-10,Risk Assessment (categories/Risk%20Assessment%20d13c30999165f054522c5a8e4079d297.csv),ID (functions/ID%20cbfbcfb32ba15290c21c768657ace43e.csv),Critical suppliers are assessed prior to acquisition,No,,,,SR-06,,0,0,0,0,,,Not Started,No,No,No,0,0,,,Not Started,No,No,No,0,0,,,Not Started,No,No,No,0,0,,,Not Started,No,No,No,,,0,,
PR.AA-01,"Identity Management, Authentication, and Access Control (categories/Identity%20Management,%20Authentication,%20and%20Access%20Co%206112f77a070b03b7d33aa4cd50902c11.csv)",PR (functions/PR%2098c54861453ab3bbd429d0b4b9e9883a.csv),"Identities and credentials for authorized users, services, and hardware are managed by the organization",No,,,,"AC-01,AC-02,AC-14,IA-01,IA-02,IA-03,IA-04,IA-05,IA-06,IA-07,IA-08,IA-09,IA-10,IA-11",,0,0,0,0,,,Not Started,No,No,No,0,0,,,Not Started,No,No,No,0,0,,,Not Started,No,No,No,0,0,,,Not Started,No,No,No,,,0,,
PR.AA-02,"Identity Management, Authentication, and Access Control (categories/Identity%20Management,%20Authentication,%20and%20Access%20Co%206112f77a070b03b7d33aa4cd50902c11.csv)",PR (functions/PR%2098c54861453ab3bbd429d0b4b9e9883a.csv),Identities are proofed and bound to credentials based on the context of interactions,Yes,gerry <gerry@almasecurity.com>,jane <jane@almasecurity.com>; john <john@almasecurity.com>,steve <steve@almasecurity.com>,IA-12,"1. Inquiry: CISO, IAM Team, 2. Inspect account inventory, 3. Inspect sample of privileged access",5,5,3,5,Individual credentials issued to all personnel. No shared accounts policy enforced. MFA rollout project initiated ($80K) supporting G8 partnership requirements.,15-Feb,Complete,Yes,Yes,No,5,5,Credential uniqueness enforced enterprise-wide. Privileged access reviews completed quarterly. Shared developer SSH key identified for remediation in Q3.,11-May,Complete,No,Yes,Yes,5,5,,,Not Started,No,No,No,5,5,,,Not Started,No,No,No,,,5,,
PR.AA-03,"Identity Management, Authentication, and Access Control (categories/Identity%20Management,%20Authentication,%20and%20Access%20Co%206112f77a070b03b7d33aa4cd50902c11.csv)",PR (functions/PR%2098c54861453ab3bbd429d0b4b9e9883a.csv),"Users, services, and hardware are authenticated",No,,,,"AC-07,AC-12,IA-02,IA-03,IA-05,IA-07,IA-08,IA-09,IA-10,IA-11",,0,0,0,0,,,Not Started,No,No,No,0,0,,,Not Started,No,No,No,0,0,,,Not Started,No,No,No,0,0,,,Not Started,No,No,No,,,0,,
PR.AA-04,"Identity Management, Authentication, and Access Control (categories/Identity%20Management,%20Authentication,%20and%20Access%20Co%206112f77a070b03b7d33aa4cd50902c11.csv)",PR (functions/PR%2098c54861453ab3bbd429d0b4b9e9883a.csv),"Identity assertions are protected, conveyed, and verified",No,,,,IA-13,,0,0,0,0,,,Not Started,No,No,No,0,0,,,Not Started,No,No,No,0,0,,,Not Started,No,No,No,0,0,,,Not Started,No,No,No,,,0,,
PR.AA-05,"Identity Management, Authentication, and Access Control (categories/Identity%20Management,%20Authentication,%20and%20Access%20Co%206112f77a070b03b7d33aa4cd50902c11.csv)",PR (functions/PR%2098c54861453ab3bbd429d0b4b9e9883a.csv),"Access permissions, entitlements, and authorizations are defined in a policy, managed, enforced, and reviewed, and incorporate the principles of least privilege and separation of duties",No,,,,"AC-01,AC-02,AC-03,AC-05,AC-06,AC-10,AC-16,AC-17,AC-18,AC-19,AC-24,IA-13",,0,0,0,0,,,Not Started,No,No,No,0,0,,,Not Started,No,No,No,0,0,,,Not Started,No,No,No,0,0,,,Not Started,No,No,No,,,0,,
PR.AA-06,"Identity Management, Authentication, and Access Control (categories/Identity%20Management,%20Authentication,%20and%20Access%20Co%206112f77a070b03b7d33aa4cd50902c11.csv)",PR (functions/PR%2098c54861453ab3bbd429d0b4b9e9883a.csv),"Physical access to assets is managed, monitored, and enforced commensurate with risk",No,,,,"PE-02,PE-03,PE-04,PE-05,PE-06,PE-08,PE-18,PE-19,PE-20",,0,0,0,0,,,Not Started,No,No,No,0,0,,,Not Started,No,No,No,0,0,,,Not Started,No,No,No,0,0,,,Not Started,No,No,No,,,0,,
PR.AT-01,Awareness and Training (categories/Awareness%20and%20Training%20dfd77563a114d387cf15ed335fe98b87.csv),PR (functions/PR%2098c54861453ab3bbd429d0b4b9e9883a.csv),Personnel are provided with awareness and training so that they possess the knowledge and skills to perform general tasks with cybersecurity risks in mind,Yes,gerry <gerry@almasecurity.com>,jane <jane@almasecurity.com>; john <john@almasecurity.com>,steve <steve@almasecurity.com>,"AT-02,AT-03","1. Inquiry: CISO, HR, 2. Inspect security training policy, 3. Inspect sample of training records",6,5,4,5,Security awareness program operational with quarterly training. Social engineering and phishing modules deployed. Training records maintained in Workday with 90% completion rate.,23-Jan,Complete,No,Yes,Yes,5,5,Training program achieving target completion rates. Phishing simulation click rates improved 40% from baseline. Cyber hygiene training integrated into new hire onboarding.,18-Apr,Complete,No,Yes,Yes,6,5,,14-Jun,Submitted,No,Yes,No,6,5,,,Not Started,No,No,No,,,5,,
PR.AT-02,Awareness and Training (categories/Awareness%20and%20Training%20dfd77563a114d387cf15ed335fe98b87.csv),PR (functions/PR%2098c54861453ab3bbd429d0b4b9e9883a.csv),Individuals in specialized roles are provided with awareness and training so that they possess the knowledge and skills to perform relevant tasks with cybersecurity risks in mind,No,,,,AT-03,,0,0,0,0,,,Not Started,No,No,No,0,0,,,Not Started,No,No,No,0,0,,,Not Started,No,No,No,0,0,,,Not Started,No,No,No,,,0,,
PR.DS-01,Data Security (categories/Data%20Security%2014d87fec1f38601f637ac315794d6847.csv),PR (functions/PR%2098c54861453ab3bbd429d0b4b9e9883a.csv),"The confidentiality, integrity, and availability of data-at-rest are protected",Yes,chris.magann <chris.magann@almasecurity.com>,jane <jane@almasecurity.com>; john <john@almasecurity.com>,steve <steve@almasecurity.com>,"CA-03,CP-09,MP-08,SC-04,SC-07,SC-12,SC-13,SC-28,SC-32,SC-39,SC-43,SI-03,SI-04,SI-07","1. Inquiry: CISO, 2. Inspect encryption policy, 3. Inspect endpoint config standards",6,5,3,5,Encryption policy documented and approved. S3 bucket security project in progress. Removable media restrictions planned for endpoint deployment.,30-Jan,Complete,Yes,Yes,No,4,5,Data encryption upgrade project approved ($95K). Removable media controls deployed on managed endpoints. S3 bucket encryption enforced.,25-Apr,Complete,Yes,Yes,Yes,6,5,,21-Jun,Submitted,No,Yes,No,6,5,,,Not Started,No,No,No,chris.magann <chris.magann@almasecurity.com>,2026-09-30,5,Execute Data Encryption Upgrade project ($95K). Extend removable media controls to all managed endpoints including servers. Verify S3 bucket encryption enforcement across all buckets.,
PR.DS-02,Data Security (categories/Data%20Security%2014d87fec1f38601f637ac315794d6847.csv),PR (functions/PR%2098c54861453ab3bbd429d0b4b9e9883a.csv),"The confidentiality, integrity, and availability of data-in-transit are protected",No,,,,"AU-16,CA-03,SC-04,SC-07,SC-08,SC-11,SC-12,SC-13,SC-16,SC-40,SC-43,SI-03,SI-04,SI-07",,0,0,0,0,,,Not Started,No,No,No,0,0,,,Not Started,No,No,No,0,0,,,Not Started,No,No,No,0,0,,,Not Started,No,No,No,,,0,,
PR.DS-10,Data Security (categories/Data%20Security%2014d87fec1f38601f637ac315794d6847.csv),PR (functions/PR%2098c54861453ab3bbd429d0b4b9e9883a.csv),"The confidentiality, integrity, and availability of data-in-use are protected",Yes,gerry <gerry@almasecurity.com>,jane <jane@almasecurity.com>; john <john@almasecurity.com>,steve <steve@almasecurity.com>,"AC-02,AC-03,AC-04,AU-09,AU-13,CA-03,CP-09,SA-08,SC-04,SC-07,SC-11,SC-13,SC-24,SC-32,SC-39,SC-40,SC-43,SI-03,SI-04,SI-07,SI-10,SI-16","1. Inquiry: CISO, App Owners, 2. Inspect data handling procedures, 3. Inspect sample of source code",5,5,3,5,Data-in-use protection requirements documented. Memory handling procedures established. Source code review process initiated for sensitive applications.,16-Feb,Complete,Yes,Yes,No,5,5,Data handling procedures enforced. Sensitive data retention limits implemented. Application owner attestations collected. Source code reviews completed for crown jewels.,12-May,Complete,Yes,Yes,Yes,5,5,,,In Progress,No,No,No,5,5,,,Not Started,No,No,No,,,5,,
PR.DS-11,Data Security (categories/Data%20Security%2014d87fec1f38601f637ac315794d6847.csv),PR (functions/PR%2098c54861453ab3bbd429d0b4b9e9883a.csv),"Backups of data are created, protected, maintained, and tested",No,,,,"CP-06,CP-09",,0,0,0,0,,,Not Started,No,No,No,0,0,,,Not Started,No,No,No,0,0,,,Not Started,No,No,No,0,0,,,Not Started,No,No,No,,,0,,
PR.IR-01,Technology Infrastructure Resilience (categories/Technology%20Infrastructure%20Resilience%200e62fa0f04eb448e0e020c734114fb91.csv),PR (functions/PR%2098c54861453ab3bbd429d0b4b9e9883a.csv),Networks and environments are protected from unauthorized logical access and usage,No,,,,"AC-03,AC-04,SC-04,SC-05,SC-07",,0,0,0,0,,,Not Started,No,No,No,0,0,,,Not Started,No,No,No,0,0,,,Not Started,No,No,No,0,0,,,Not Started,No,No,No,,,0,,
PR.IR-02,Technology Infrastructure Resilience (categories/Technology%20Infrastructure%20Resilience%200e62fa0f04eb448e0e020c734114fb91.csv),PR (functions/PR%2098c54861453ab3bbd429d0b4b9e9883a.csv),The organization's technology assets are protected from environmental threats,Yes,gerry <gerry@almasecurity.com>,jane <jane@almasecurity.com>; john <john@almasecurity.com>,steve <steve@almasecurity.com>,"CP-02,PE-09,PE-10,PE-11,PE-12,PE-13,PE-14,PE-15,PE-18,PE-23",,6,5,1.5,5,Redwood City data center environmental controls documented. Windows DC hosting 300 employees protected. AWS infrastructure leverages native resilience controls.,24-Jan,Complete,Yes,Yes,Yes,5,5,Environmental threat protection verified and documented. AWS multi-AZ deployment operational. On-prem DC controls tested and certified. Fire suppression and HVAC monitoring active.,19-Apr,Complete,Yes,Yes,Yes,6,5,,15-Jun,Submitted,No,Yes,No,6,5,,,Not Started,No,No,No,,,5,,
PR.IR-03,Technology Infrastructure Resilience (categories/Technology%20Infrastructure%20Resilience%200e62fa0f04eb448e0e020c734114fb91.csv),PR (functions/PR%2098c54861453ab3bbd429d0b4b9e9883a.csv),Mechanisms are implemented to achieve resilience requirements in normal and adverse situations,Yes,tigan.wang <tigan.wang@almasecurity.com>,jane <jane@almasecurity.com>; john <john@almasecurity.com>,steve <steve@almasecurity.com>,"CP,IR,SA-08,SC-06,SC-24,SC-36,SC-39,SI-13","1. Inquiry: CISO, IT Ops, 2. Inspect HA/DR plans, 3. Observe failover tests",4,5,3,5,AWS provides multi-AZ redundancy. Kubernetes infrastructure configured for resilience. HA components deployed for critical workloads.,31-Jan,Complete,No,Yes,Yes,4,5,Resilience mechanisms documented and tested. Failover testing completed successfully. DR plan development progressing as part of cloud security optimization project.,26-Apr,Complete,Yes,Yes,Yes,4,5,,22-Jun,Submitted,No,Yes,No,4,5,,,Not Started,No,No,No,tigan.wang <tigan.wang@almasecurity.com>,2026-09-30,5,Complete DR plan development under Cloud Security Optimization project. Conduct additional failover testing scenarios. Document and test recovery procedures for all critical workloads.,
PR.IR-04,Technology Infrastructure Resilience (categories/Technology%20Infrastructure%20Resilience%200e62fa0f04eb448e0e020c734114fb91.csv),PR (functions/PR%2098c54861453ab3bbd429d0b4b9e9883a.csv),Adequate resource capacity to ensure availability is maintained,No,,,,"CP-06,CP-07,CP-08,PM-03,PM-09",,0,0,0,0,,,Not Started,No,No,No,0,0,,,Not Started,No,No,No,0,0,,,Not Started,No,No,No,0,0,,,Not Started,No,No,No,,,0,,
PR.PS-01,Platform Security (categories/Platform%20Security%205c3206ad812f45f8eab3d483c1f6ad36.csv),PR (functions/PR%2098c54861453ab3bbd429d0b4b9e9883a.csv),Configuration management practices are established and applied,Yes,chris.magann <chris.magann@almasecurity.com>,jane <jane@almasecurity.com>; john <john@almasecurity.com>,steve <steve@almasecurity.com>,"CM-01,CM-02,CM-03,CM-04,CM-05,CM-06,CM-07,CM-08,CM-09,CM-10,CM-11","1. Inquiry: CISO, IT Ops, 2. Inspect config mgmt policy, 3. Inspect sample of baselines",6,5,3,5,Configuration baselines established for Amazon Linux 2 and Ubuntu. Windows 2012 fileserver remediation planned. Baseline compliance monitored.,01-Feb,Complete,Yes,Yes,Yes,4,5,Config management policy enforced. Hardened baselines deployed to 95% of systems. Legacy Windows 2012 upgrade project initiated with Q3 completion target.,27-Apr,Complete,Yes,Yes,Yes,6,5,,23-Jun,Submitted,No,Yes,No,6,5,,,Not Started,No,No,No,chris.magann <chris.magann@almasecurity.com>,2026-08-31,5,Complete Windows 2012 fileserver upgrade to supported OS version. Extend hardened baseline deployment to remaining 5% of systems. Implement automated baseline compliance remediation.,
PR.PS-02,Platform Security (categories/Platform%20Security%205c3206ad812f45f8eab3d483c1f6ad36.csv),PR (functions/PR%2098c54861453ab3bbd429d0b4b9e9883a.csv),"Software is maintained, replaced, and removed commensurate with risk",No,,,,"CM-11,MA-03(06),SA-10(01),SI-02,SI-07",,0,0,0,0,,,Not Started,No,No,No,0,0,,,Not Started,No,No,No,0,0,,,Not Started,No,No,No,0,0,,,Not Started,No,No,No,,,0,,
PR.PS-03,Platform Security (categories/Platform%20Security%205c3206ad812f45f8eab3d483c1f6ad36.csv),PR (functions/PR%2098c54861453ab3bbd429d0b4b9e9883a.csv),"Hardware is maintained, replaced, and removed commensurate with risk",No,,,,"CM-07(09),SA-10(03),SC-03(01),SC-39(01),SC-49,SC-51",,0,0,0,0,,,Not Started,No,No,No,0,0,,,Not Started,No,No,No,0,0,,,Not Started,No,No,No,0,0,,,Not Started,No,No,No,,,0,,
PR.PS-04,Platform Security (categories/Platform%20Security%205c3206ad812f45f8eab3d483c1f6ad36.csv),PR (functions/PR%2098c54861453ab3bbd429d0b4b9e9883a.csv),Log records are generated and made available for continuous monitoring,No,,,,"AU-02,AU-03,AU-06,AU-07,AU-11,AU-12",,0,0,0,0,,,Not Started,No,No,No,0,0,,,Not Started,No,No,No,0,0,,,Not Started,No,No,No,0,0,,,Not Started,No,No,No,,,0,,
PR.PS-05,Platform Security (categories/Platform%20Security%205c3206ad812f45f8eab3d483c1f6ad36.csv),PR (functions/PR%2098c54861453ab3bbd429d0b4b9e9883a.csv),Installation and execution of unauthorized software are prevented,Yes,tigan.wang <tigan.wang@almasecurity.com>,jane <jane@almasecurity.com>; john <john@almasecurity.com>,steve <steve@almasecurity.com>,"CM-07(02),CM-07(04),CM-07(05),SC-34","1. Inquiry: CISO, IT Ops, 2. Inspect app control policy, 3. Inspect sample of system configs",7,5,2,5,SentinelOne deployed on workstations/laptops with application control. Server-side controls being evaluated.,02-Feb,Complete,No,Yes,Yes,4,5,App control policy approved and deployed. SentinelOne enforcement expanded. Kubernetes node SSH access remediation in progress (shared key to be replaced).,28-Apr,Complete,Yes,Yes,Yes,7,5,,24-Jun,Submitted,No,Yes,No,7,5,,,Not Started,No,No,No,tigan.wang <tigan.wang@almasecurity.com>,2026-08-15,5,Remediate shared developer SSH key on Kubernetes nodes - issue individual keys per developer. Expand server-side application control deployment. Complete app control policy exception review.,
PR.PS-06,Platform Security (categories/Platform%20Security%205c3206ad812f45f8eab3d483c1f6ad36.csv),PR (functions/PR%2098c54861453ab3bbd429d0b4b9e9883a.csv),"Secure software development practices are integrated, and their performance is monitored throughout the software development life cycle",No,,,,"SA-03,SA-08,SA-10,SA-11,SA-15,SA-17",,0,0,0,0,,,Not Started,No,No,No,0,0,,,Not Started,No,No,No,0,0,,,Not Started,No,No,No,0,0,,,Not Started,No,No,No,,,0,,
RC.CO-03,Incident Recovery Communication (categories/Incident%20Recovery%20Communication%207feacfe57b482060de021de543278ce8.csv),RC (functions/RC%205e0bab02a559f214f918f2f3c30ed235.csv),Recovery activities and progress in restoring operational capabilities are communicated to designated internal and external stakeholders,No,,,,"IR-04,IR-06,SR-08",,0,0,0,0,,,Not Started,No,No,No,0,0,,,Not Started,No,No,No,0,0,,,Not Started,No,No,No,0,0,,,Not Started,No,No,No,,,0,,
RC.CO-04,Incident Recovery Communication (categories/Incident%20Recovery%20Communication%207feacfe57b482060de021de543278ce8.csv),RC (functions/RC%205e0bab02a559f214f918f2f3c30ed235.csv),Public updates on incident recovery are shared using approved methods and messaging,No,,,,"CP-02,IR-04",,0,0,0,0,,,Not Started,No,No,No,0,0,,,Not Started,No,No,No,0,0,,,Not Started,No,No,No,0,0,,,Not Started,No,No,No,,,0,,
RC.RP-01,Incident Recovery Plan Execution (categories/Incident%20Recovery%20Plan%20Execution%200f1b57d5df37f3397c8e8dd3946dbb4b.csv),RC (functions/RC%205e0bab02a559f214f918f2f3c30ed235.csv),The recovery portion of the incident response plan is executed once initiated from the incident response process,No,,,,"CP-10,IR-04,IR-08",,0,0,0,0,,,Not Started,No,No,No,0,0,,,Not Started,No,No,No,0,0,,,Not Started,No,No,No,0,0,,,Not Started,No,No,No,,,0,,
RC.RP-02,Incident Recovery Plan Execution (categories/Incident%20Recovery%20Plan%20Execution%200f1b57d5df37f3397c8e8dd3946dbb4b.csv),RC (functions/RC%205e0bab02a559f214f918f2f3c30ed235.csv),"Recovery actions are selected, scoped, prioritized, and performed",No,,,,"CP-10,IR-04,IR-08",,0,0,0,0,,,Not Started,No,No,No,0,0,,,Not Started,No,No,No,0,0,,,Not Started,No,No,No,0,0,,,Not Started,No,No,No,,,0,,
RC.RP-03,Incident Recovery Plan Execution (categories/Incident%20Recovery%20Plan%20Execution%200f1b57d5df37f3397c8e8dd3946dbb4b.csv),RC (functions/RC%205e0bab02a559f214f918f2f3c30ed235.csv),The integrity of backups and other restoration assets is verified before using them for restoration,Yes,nadia.khan <nadia.khan@almasecurity.com>,jane <jane@almasecurity.com>; john <john@almasecurity.com>,steve <steve@almasecurity.com>,"CP-02,CP-04,CP-09","1. Inquiry: CISO, DR Manager, 2. Inspect backup verification procedure, 3. Inspect sample of restores",5.5,5,2,5,Backup verification procedures documented. DR Manager validates backup integrity monthly. Manual integrity checks performed.,03-Feb,Complete,Yes,Yes,No,3,5,Backup integrity verification improved with automated checksums. Restore testing scheduled quarterly. S3 bucket security project enhances backup protection.,29-Apr,Complete,No,Yes,Yes,5.5,5,,25-Jun,Submitted,No,Yes,No,5.5,5,,,Not Started,No,No,No,nadia.khan <nadia.khan@almasecurity.com>,2026-10-31,5,Implement automated IOC scanning for backup restoration assets. Expand quarterly restore testing to cover all critical systems. Complete S3 bucket security project backup protection enhancements.,
RC.RP-04,Incident Recovery Plan Execution (categories/Incident%20Recovery%20Plan%20Execution%200f1b57d5df37f3397c8e8dd3946dbb4b.csv),RC (functions/RC%205e0bab02a559f214f918f2f3c30ed235.csv),Critical mission functions and cybersecurity risk management are considered to establish post-incident operational norms,No,,,,"IR-01,IR-08,PM-08,PM-09,PM-11",,0,0,0,0,,,Not Started,No,No,No,0,0,,,Not Started,No,No,No,0,0,,,Not Started,No,No,No,0,0,,,Not Started,No,No,No,,,0,,
RC.RP-05,Incident Recovery Plan Execution (categories/Incident%20Recovery%20Plan%20Execution%200f1b57d5df37f3397c8e8dd3946dbb4b.csv),RC (functions/RC%205e0bab02a559f214f918f2f3c30ed235.csv),"The integrity of restored assets is verified, systems and services are restored, and normal operating status is confirmed",No,,,,CP-10,,0,0,0,0,,,Not Started,No,No,No,0,0,,,Not Started,No,No,No,0,0,,,Not Started,No,No,No,0,0,,,Not Started,No,No,No,,,0,,
RC.RP-06,Incident Recovery Plan Execution (categories/Incident%20Recovery%20Plan%20Execution%200f1b57d5df37f3397c8e8dd3946dbb4b.csv),RC (functions/RC%205e0bab02a559f214f918f2f3c30ed235.csv),"The end of incident recovery is declared based on criteria, and incident-related documentation is completed",No,,,,"IR-04,IR-08",,0,0,0,0,,,Not Started,No,No,No,0,0,,,Not Started,No,No,No,0,0,,,Not Started,No,No,No,0,0,,,Not Started,No,No,No,,,0,,
RS.AN-03,Incident Analysis (categories/Incident%20Analysis%20f4cdb92cfb1bffee1e7c9446c0b46618.csv),RS (functions/RS%2022ad771a5f706cd61706f78f68aa6d09.csv),Analysis is performed to establish what has taken place during an incident and the root cause of the incident,No,,,,"AU-07,IR-04",,0,0,0,0,,,Not Started,No,No,No,0,0,,,Not Started,No,No,No,0,0,,,Not Started,No,No,No,0,0,,,Not Started,No,No,No,,,0,,
RS.AN-06,Incident Analysis (categories/Incident%20Analysis%20f4cdb92cfb1bffee1e7c9446c0b46618.csv),RS (functions/RS%2022ad771a5f706cd61706f78f68aa6d09.csv),"Actions performed during an investigation are recorded, and the records' integrity and provenance are preserved",No,,,,"AU-07,IR-04,IR-06",,0,0,0,0,,,Not Started,No,No,No,0,0,,,Not Started,No,No,No,0,0,,,Not Started,No,No,No,0,0,,,Not Started,No,No,No,,,0,,
RS.AN-07,Incident Analysis (categories/Incident%20Analysis%20f4cdb92cfb1bffee1e7c9446c0b46618.csv),RS (functions/RS%2022ad771a5f706cd61706f78f68aa6d09.csv),"Incident data and metadata are collected, and their integrity and provenance are preserved",No,,,,"AU-07,IR-04,IR-06",,0,0,0,0,,,Not Started,No,No,No,0,0,,,Not Started,No,No,No,0,0,,,Not Started,No,No,No,0,0,,,Not Started,No,No,No,,,0,,
RS.AN-08,Incident Analysis (categories/Incident%20Analysis%20f4cdb92cfb1bffee1e7c9446c0b46618.csv),RS (functions/RS%2022ad771a5f706cd61706f78f68aa6d09.csv),An incident's magnitude is estimated and validated,No,,,,"IR-04,IR-08,RA-03,RA-07",,0,0,0,0,,,Not Started,No,No,No,0,0,,,Not Started,No,No,No,0,0,,,Not Started,No,No,No,0,0,,,Not Started,No,No,No,,,0,,
RS.CO-02,Incident Response Reporting and Communication (categories/Incident%20Response%20Reporting%20and%20Communication%207661ced024ff48044587fdbb89dcc61c.csv),RS (functions/RS%2022ad771a5f706cd61706f78f68aa6d09.csv),Internal and external stakeholders are notified of incidents,No,,,,"IR-04,IR-06,IR-07,SR-03,SR-08",,0,0,0,0,,,Not Started,No,No,No,0,0,,,Not Started,No,No,No,0,0,,,Not Started,No,No,No,0,0,,,Not Started,No,No,No,,,0,,
RS.CO-03,Incident Response Reporting and Communication (categories/Incident%20Response%20Reporting%20and%20Communication%207661ced024ff48044587fdbb89dcc61c.csv),RS (functions/RS%2022ad771a5f706cd61706f78f68aa6d09.csv),Information is shared with designated internal and external stakeholders,No,,,,"IR-04,IR-06,IR-07,SR-03,SR-08",,0,0,0,0,,,Not Started,No,No,No,0,0,,,Not Started,No,No,No,0,0,,,Not Started,No,No,No,0,0,,,Not Started,No,No,No,,,0,,
RS.MA-01,Incident Management (categories/Incident%20Management%20363b1f68cd7b2e7be7c1c7d708b23d44.csv),RS (functions/RS%2022ad771a5f706cd61706f78f68aa6d09.csv),The incident response plan is executed in coordination with relevant third parties once an incident is declared,No,,,,"IR-06,IR-07,IR-08,SR-03,SR-08",,0,0,0,0,,,Not Started,No,No,No,0,0,,,Not Started,No,No,No,0,0,,,Not Started,No,No,No,0,0,,,Not Started,No,No,No,,,0,,
RS.MA-02,Incident Management (categories/Incident%20Management%20363b1f68cd7b2e7be7c1c7d708b23d44.csv),RS (functions/RS%2022ad771a5f706cd61706f78f68aa6d09.csv),Incident reports are triaged and validated,No,,,,"IR-04,IR-05,IR-06",,0,0,0,0,,,Not Started,No,No,No,0,0,,,Not Started,No,No,No,0,0,,,Not Started,No,No,No,0,0,,,Not Started,No,No,No,,,0,,
RS.MA-03,Incident Management (categories/Incident%20Management%20363b1f68cd7b2e7be7c1c7d708b23d44.csv),RS (functions/RS%2022ad771a5f706cd61706f78f68aa6d09.csv),Incidents are categorized and prioritized,Yes,nadia.khan <nadia.khan@almasecurity.com>,jane <jane@almasecurity.com>; john <john@almasecurity.com>,steve <steve@almasecurity.com>,"IR-04,IR-05,IR-06","1. Inquiry: CISO, SOC Manager, 2. Inspect incident priority matrix, 3. Inspect sample of incident tickets",3,5,2,5,Incident priority matrix approved. Scope and impact-based prioritization implemented. Time-critical incident handling procedures documented.,11-Feb,Complete,Yes,Yes,Yes,3,5,Prioritization process consistently applied. Sample tickets demonstrate proper categorization. SOC Manager reviews validate prioritization decisions.,07-May,Complete,No,Yes,Yes,3,5,,,Not Started,No,No,No,3,5,,,Not Started,No,No,No,nadia.khan <nadia.khan@almasecurity.com>,2026-08-31,5,Implement automated incident categorization based on detection signatures. Enhance priority matrix with additional impact criteria. Conduct SOC team training on prioritization consistency.,
RS.MA-04,Incident Management (categories/Incident%20Management%20363b1f68cd7b2e7be7c1c7d708b23d44.csv),RS (functions/RS%2022ad771a5f706cd61706f78f68aa6d09.csv),Incidents are escalated or elevated as needed,No,,,,"IR-04,IR-05,IR-06,IR-07",,0,0,0,0,,,Not Started,No,No,No,0,0,,,Not Started,No,No,No,0,0,,,Not Started,No,No,No,0,0,,,Not Started,No,No,No,,,0,,
RS.MA-05,Incident Management (categories/Incident%20Management%20363b1f68cd7b2e7be7c1c7d708b23d44.csv),RS (functions/RS%2022ad771a5f706cd61706f78f68aa6d09.csv),The criteria for initiating incident recovery are applied,No,,,,"IR-04,IR-08",,0,0,0,0,,,Not Started,No,No,No,0,0,,,Not Started,No,No,No,0,0,,,Not Started,No,No,No,0,0,,,Not Started,No,No,No,,,0,,
RS.MI-01,Incident Mitigation (categories/Incident%20Mitigation%20e0635cef469e276260ef5d1f0252ab34.csv),RS (functions/RS%2022ad771a5f706cd61706f78f68aa6d09.csv),Incidents are contained,Yes,nadia.khan <nadia.khan@almasecurity.com>,jane <jane@almasecurity.com>; john <john@almasecurity.com>,steve <steve@almasecurity.com>,IR-04,"1. Inquiry: CISO, SOC Manager, 2. Inspect containment configs, 3. Inspect sample of incidents",4,5,2,5,SentinelOne provides automated containment for malware. GuardDuty auto-remediation configured for select findings. Incident response playbooks documented.,04-Feb,Complete,Yes,Yes,Yes,3,5,Containment capabilities expanded. Automated response for common threat patterns. Manual containment procedures well-documented for complex scenarios.,30-Apr,Complete,Yes,Yes,Yes,4,5,,26-Jun,Submitted,No,Yes,No,4,5,,,Not Started,No,No,No,nadia.khan <nadia.khan@almasecurity.com>,2026-09-30,5,Expand GuardDuty auto-remediation to additional finding types. Develop automated containment playbooks for top 10 incident types. Integrate containment actions with SOAR capabilities.,
RS.MI-02,Incident Mitigation (categories/Incident%20Mitigation%20e0635cef469e276260ef5d1f0252ab34.csv),RS (functions/RS%2022ad771a5f706cd61706f78f68aa6d09.csv),Incidents are eradicated,Yes,gerry <gerry@almasecurity.com>,jane <jane@almasecurity.com>; john <john@almasecurity.com>,steve <steve@almasecurity.com>,IR-04,"1. Inquiry: CISO, Incident Commander, 2. Inspect eradication procedure, 3. Inspect sample of incidents",5,5,2.5,5,Eradication procedures documented with defined escalation paths. TTI at 14 hours. Nadia Khan leads D&R with documented playbooks for common incident types.,25-Jan,Complete,Yes,Yes,No,5,5,Eradication capabilities mature. Incident Response Enhancement project ($150K) delivering improved playbooks. Manual eradication options well-documented with decision trees.,20-Apr,Complete,Yes,Yes,No,5,5,,16-Jun,Submitted,No,Yes,No,5,5,,,Not Started,No,No,No,,,5,,